Model,Accuracy,Precision (FAKE),Recall (FAKE),F1-Score (FAKE),Precision (REAL),Recall (REAL),F1-Score (REAL),Training Time (s)
LSTM (Non-Pretrained),0.9194948697711128,0.9569707401032702,0.8783570300157978,0.9159802306425041,0.8877551020408163,0.9605678233438486,0.9227272727272727,41.18969535827637
BERT (Pretrained),0.972,0.9957356076759062,0.947261663286004,0.9708939708939709,0.9510357815442562,0.9960552268244576,0.9730250481695568,798.5325729846954
DistilBERT (Pretrained),0.974,0.991578947368421,0.9553752535496958,0.9731404958677686,0.9580952380952381,0.9921104536489151,0.9748062015503876,519.8871657848358
